Phase 0,Phase 1,Phase 2,Phase 3,Phase 4,f_score,mse,epe,accuracy,jaccard,file,pel
23.51,1075.4,2631.71,146.51,22.96,0.19796476825722592,0.07155609130859375,1.9057605521635252,0.9284439086914062,0.8901437858871541,lena,pelModificato
15.65,1278.16,2453.96,85.5,22.61,0.1968986964300929,0.0719146728515625,1.9134100289804163,0.9280853271484375,0.8907999810990881,lena,pelBase
58.48,419.25,453.78,23.82,13.01,0.26083745661324864,0.06029518072289156,1.5856027423347934,0.9397048192771085,0.8500212314225053,apartment,pelModificato
6.96,494.29,537.18,24.0,6.53,0.26365376122479023,0.060265060240963855,1.5940332326283988,0.9397349397590361,0.8481559983043663,apartment,pelBase
36.37,428.98,337.05,15.6,6.82,0.35317243638746315,0.03425877725721557,0.8625850340136054,0.9657412227427844,0.7855437665782493,birds,pelModificato
13.06,508.87,356.84,15.7,8.08,0.3510985425277355,0.03450749031175892,0.8752693965517241,0.9654925096882411,0.7870712401055409,birds,pelBase
38.12,1333.22,2668.12,168.19,26.98,0.23533645196113712,0.057388117283950615,2.1987067893558816,0.9426118827160493,0.8666394779771616,cityscapes,pelModificato
32.28,1557.33,3453.68,136.91,19.16,0.23724208637703448,0.05740547839506173,2.1865620947322917,0.9425945216049383,0.8654142553872103,cityscapes,pelBase
80.86,1477.85,2773.26,126.6,35.67,0.2874810154046431,0.07601851851851851,1.5244861070242548,0.9239814814814815,0.8321297352084125,kitchen,pelModificato
14.52,1784.94,3523.78,133.76,32.04,0.2881086548186678,0.07603395061728395,1.5237536165038366,0.9239660493827161,0.8317015530047265,kitchen,pelBase
64.28,403.27,253.76,22.24,0.0,0.2596299666363361,0.028237607727456763,1.4288961038961039,0.9717623922725432,0.8508191007319623,rose,pelModificato
9.54,458.74,355.77,17.3,6.03,0.2597245345845316,0.02828966394817514,1.4523116715163271,0.9717103360518249,0.850756653331014,rose,pelBase
22.47,419.92,590.94,42.75,6.11,0.24643423137876388,0.04400485858060038,1.0670830441822807,0.9559951414193996,0.859466787166742,saint,pelModificato
12.21,496.38,628.62,22.6,7.0,0.24544110399211433,0.044276707733240786,1.065416285452882,0.9557232922667592,0.8601123595505618,saint,pelBase
18.15,443.97,1476.76,76.07,7.72,0.19597989949748745,0.07253839029539964,2.7827310426540284,0.9274616097046003,0.8913649025069638,worm,pelModificato
8.74,531.68,1453.63,64.45,0.0,0.20323817639539837,0.07266792313521285,2.7550695249130936,0.9273320768647871,0.8868864121413327,worm,pelBase
14.69,842.63,1915.7,101.26,9.21,0.19595286885245902,0.07184600830078125,1.905089529857987,0.9281539916992188,0.8913815135595626,lena,pelModificato
19.24,877.35,1619.87,86.22,20.16,0.19756243075087357,0.07183074951171875,1.9098339045610335,0.9281692504882812,0.8903915263854738,lena,pelBase
9.51,420.37,555.27,16.63,18.54,0.2604458880850436,0.060349397590361446,1.5766742770167428,0.9396506024096386,0.8502800882702427,apartment,pelModificato
7.95,506.91,488.38,34.1,2.74,0.26311529688764623,0.060331325301204816,1.5930956423316356,0.9396686746987952,0.8485130898924003,apartment,pelBase
5.31,429.43,348.39,15.63,0.0,0.3576419213973799,0.03403320030076928,0.8548123980424144,0.9659667996992307,0.7822387662855623,birds,pelModificato
12.88,503.37,353.88,14.01,0.0,0.3500108766586904,0.03456533055700156,0.8758081896551724,0.9654346694429984,0.7878707976268952,birds,pelBase
31.66,1335.22,3638.1,163.81,21.55,0.235935691318328,0.057297453703703705,2.202267488942877,0.9427025462962964,0.8662544839452886,cityscapes,pelModificato
16.88,1559.7,3445.42,141.33,15.83,0.23813796108789828,0.057332175925925925,2.18506393229971,0.9426678240740741,0.864837339230635,cityscapes,pelBase
31.73,1468.95,3523.57,130.58,21.19,0.28688213271599355,0.07605902777777777,1.5231364630657918,0.9239409722222223,0.8325380067567567,kitchen,pelModificato
35.35,1699.28,4139.8,110.39,31.31,0.2879887360554533,0.07608796296296297,1.5230956070187194,0.9239120370370371,0.831783387106978,kitchen,pelBase
15.65,433.39,229.96,9.02,7.01,0.25968109339407747,0.028197119555786916,1.4281992836209703,0.971802880444213,0.8507853403141361,rose,pelModificato
5.58,472.81,311.09,22.16,0.0,0.25597579425113465,0.028445832610330266,1.4454134366925064,0.9715541673896697,0.8532269257460097,rose,pelBase
11.84,449.67,482.59,28.67,3.11,0.2478700217951258,0.043912314188212155,1.0659569544087018,0.9560876858117878,0.8585321723397037,saint,pelModificato
15.01,507.86,529.51,42.51,13.39,0.2500246087213308,0.04406848285036728,1.0617875056999544,0.9559315171496328,0.8571267859151761,saint,pelBase
11.53,443.99,1197.18,61.19,15.63,0.204742460061609,0.07189720273832423,2.7677333726589,0.9281027972616758,0.885953711093376,worm,pelModificato
0.0,550.62,836.73,67.24,9.59,0.21078814583185276,0.07192310930628687,2.7451037284201365,0.9280768906937131,0.8821893867175088,worm,pelBase
13.98,727.13,2012.46,77.4,28.44,0.19691334273866015,0.07165908813476562,1.9023354564755839,0.9283409118652344,0.890790971168437,lena,pelModificato
14.13,890.62,1894.99,84.84,15.67,0.195540016202618,0.07197189331054688,1.9098187576983987,0.9280281066894531,0.8916351606805293,lena,pelBase
8.83,431.34,528.29,21.04,0.0,0.26300642019039183,0.06016265060240964,1.5806880821136666,0.9398373493975903,0.8485852663777721,apartment,pelModificato
12.31,482.95,473.55,32.04,6.38,0.2609463536684083,0.0605,1.596716361577656,0.9395,0.8499492213947191,apartment,pelBase
0.0,440.67,287.22,14.52,0.0,0.3553565578246151,0.03414309676673029,0.8574149659863946,0.9658569032332697,0.7839309428950864,birds,pelModificato
18.65,476.45,315.69,15.65,15.61,0.3513925152306353,0.03448435421366187,0.8722371967654986,0.9655156457863381,0.7868549557872508,birds,pelBase
31.46,1365.43,4036.5,160.95,17.73,0.23833637508675423,0.057158564814814815,2.1872395995273926,0.9428414351851852,0.8647094872617971,cityscapes,pelModificato
27.69,1612.54,2957.69,135.42,18.69,0.2373394189594605,0.057374614197530864,2.1798232057859925,0.9426253858024691,0.8653516045503477,cityscapes,pelBase
15.6,1491.08,3291.25,129.62,31.67,0.28765240041966644,0.07596450617283951,1.5227875268274207,0.9240354938271605,0.8320128457036614,kitchen,pelModificato
31.39,1730.64,3588.79,133.27,21.35,0.2882267966775009,0.0760378086419753,1.5252084992246762,0.9239621913580247,0.8316209202725796,kitchen,pelBase
0.0,447.28,235.64,14.47,2.03,0.2556869881710646,0.028387992365087628,1.4324675324675324,0.9716120076349124,0.8534167970787689,rose,pelModificato
12.51,479.02,321.81,0.0,16.64,0.255209906372697,0.028526808953669963,1.4507722007722008,0.97147319104633,0.8537303098494028,rose,pelBase
14.72,463.47,559.39,31.74,0.51,0.2472310126582278,0.04402799467869744,1.0643005300760544,0.9559720053213026,0.8589483186639585,saint,pelModificato
9.08,495.93,612.02,30.52,7.05,0.24780507053368842,0.044103186997512867,1.0620989917506873,0.9558968130024871,0.8585744848553091,saint,pelBase
7.5,481.62,1549.12,79.56,8.04,0.1988831615120275,0.07247362387549304,2.770839469808542,0.927526376124507,0.8895778678750298,worm,pelModificato
10.89,551.84,960.67,62.89,0.0,0.20492792728821985,0.07251896036942766,2.7446777697320783,0.9274810396305724,0.8858386075949367,worm,pelBase
13.93,751.5,1648.37,78.85,18.85,0.19617899730734709,0.07174301147460938,1.9087533156498673,0.9282569885253906,0.891242536252488,lena,pelModificato
15.6,914.67,2081.76,80.59,17.05,0.19375186463794056,0.07216262817382812,1.9102496483825597,0.9278373718261719,0.8927324209532799,lena,pelBase
15.65,434.94,455.42,31.3,0.0,0.2622757143911984,0.06018674698795181,1.5810013325718637,0.9398132530120482,0.8490694314608651,apartment,pelModificato
8.01,488.51,476.58,30.06,8.91,0.26135610689832883,0.060439759036144576,1.595314566408464,0.9395602409638554,0.8496781842818428,apartment,pelBase
15.8,432.75,307.76,12.04,15.66,0.3509116715798668,0.034386025796749375,0.8632036986673919,0.9656139742032506,0.787208686440678,birds,pelModificato
6.86,492.47,344.26,14.15,22.96,0.3507705665291947,0.034600034704147145,0.8887995712754555,0.9653999652958528,0.7873124506449065,birds,pelBase
29.75,1341.28,3380.03,141.82,34.15,0.23763598487771004,0.05718171296296296,2.196189527426686,0.9428182870370371,0.8651606689431749,cityscapes,pelModificato
30.11,1632.28,4205.12,126.72,32.64,0.23791211608470492,0.05734182098765432,2.172083539298072,0.9426581790123457,0.8649828318687074,cityscapes,pelBase
24.92,1461.45,3585.2,137.24,31.67,0.28791662143089786,0.07591435185185186,1.521918558133659,0.9240856481481482,0.8318325935320228,kitchen,pelModificato
32.59,1724.16,5179.16,126.69,29.97,0.28827949996387026,0.07599922839506174,1.5247724126358182,0.9240007716049383,0.8315849462819511,kitchen,pelBase
13.51,437.72,292.12,16.42,0.0,0.25554542692190824,0.028341720168893515,1.4286179921773141,0.9716582798311065,0.8535098414910294,rose,pelModificato
9.27,529.63,263.44,15.67,0.0,0.2559055118110236,0.02842269651223321,1.4459546925566342,0.9715773034877668,0.8532731376975169,rose,pelBase
9.09,438.53,497.08,29.74,0.0,0.24913357758193885,0.04386025796749378,1.0638002773925104,0.9561397420325062,0.8577084040266938,saint,pelModificato
9.2,508.18,585.58,28.89,12.93,0.24657804037419992,0.044253571635143735,1.060474669100867,0.9557464283648562,0.8593732449736045,saint,pelBase
17.33,441.46,1134.6,74.44,2.53,0.20383350021456156,0.07209797864003471,2.7605820105820107,0.9279020213599652,0.8865174802898782,worm,pelModificato
7.62,537.77,1375.63,67.83,11.76,0.1983236255149879,0.07309538150659646,2.7569565217391303,0.9269046184934036,0.8899227251222205,worm,pelBase
45.36,724.97,1899.2,92.05,16.21,0.1965727960343575,0.07172012329101562,1.9043662718755525,0.9282798767089844,0.8910004265200702,lena,pelModificato
15.01,905.87,1540.12,84.79,14.01,0.1974194097858025,0.07189559936523438,1.9123376623376624,0.9281044006347656,0.890479565320104,lena,pelBase
13.58,456.96,448.58,29.2,0.0,0.2592127612436305,0.06042771084337349,1.5876975814130643,0.9395722891566265,0.8510945189207535,apartment,pelModificato
8.51,474.57,423.24,28.74,4.55,0.2608119059898327,0.060439759036144576,1.5949271247397312,0.9395602409638554,0.8500381259001949,apartment,pelBase
5.61,418.56,309.9,15.64,15.62,0.3496396593142608,0.034449650066516284,0.8661588683351469,0.9655503499334838,0.7881434431652772,birds,pelModificato
18.64,488.55,405.33,0.0,15.65,0.35009797517962116,0.03453062640985598,0.8755399568034558,0.9654693735901441,0.7878068091844814,birds,pelBase
33.04,1359.87,4906.01,186.22,21.76,0.23737009980450666,0.05719135802469136,2.1881774012707114,0.9428086419753087,0.8653318545327184,cityscapes,pelModificato
27.82,1911.02,3242.97,147.15,24.57,0.2408532676973566,0.057116126543209876,2.178913540572276,0.9428838734567901,0.8630851746050254,cityscapes,pelBase
26.04,1531.98,3522.99,134.48,24.44,0.2886273659092142,0.07590856481481481,1.5224388604084378,0.9240914351851852,0.8313474458106224,kitchen,pelModificato
44.29,1732.11,5294.97,138.02,30.72,0.28854553987220677,0.07603395061728395,1.523133609680526,0.9239660493827161,0.8314033200447173,kitchen,pelBase
3.27,426.81,254.66,1.64,0.0,0.256838905775076,0.028283879923650876,1.4298760600130462,0.9717161200763491,0.8526591107236269,rose,pelModificato
10.75,458.64,308.56,13.19,0.0,0.2565889124507725,0.028387992365087628,1.449158031088083,0.9716120076349124,0.8528236316246742,rose,pelBase
6.55,447.71,626.85,42.26,5.19,0.24717542120911795,0.04393545028630921,1.0648598563817466,0.9560645497136908,0.8589845075200724,saint,pelModificato
11.73,500.95,505.39,16.57,17.44,0.2455621301775148,0.04424778761061947,1.0638882528051294,0.9557522123893806,0.8600337268128162,saint,pelBase
12.99,418.56,1361.15,82.56,8.27,0.1966533180778032,0.07275859612308211,2.776373787834264,0.9272414038769179,0.8909509080815291,worm,pelModificato
18.57,540.0,839.56,63.93,17.5,0.1998864281658149,0.07300470851872722,2.7552821997105643,0.9269952914812728,0.8889589905362776,worm,pelBase
10.12,787.42,2403.37,95.78,21.88,0.19624092268261425,0.07177734375,1.9088580764814977,0.92822265625,0.8912044711788946,lena,pelModificato
14.9,904.22,1694.99,90.63,20.06,0.1967101338106196,0.07190704345703125,1.9117672906230776,0.9280929565429688,0.890915965592211,lena,pelBase
0.0,446.84,474.69,29.7,5.54,0.26264117516793384,0.060174698795180726,1.5826517024919156,0.9398253012048193,0.8488273283480625,apartment,pelModificato
10.43,494.1,425.18,15.68,15.61,0.2631075814398117,0.06036746987951807,1.6008664531926917,0.939632530120482,0.8485182049110923,apartment,pelBase
9.77,434.75,356.19,15.67,15.62,0.3543143885676885,0.034235641159118514,0.86078697421981,0.9657643588408815,0.7847010473286491,birds,pelModificato
16.24,477.42,309.78,14.03,0.0,0.35355512067840833,0.03439180982127364,0.8735199138858988,0.9656081901787263,0.7852614896988906,birds,pelBase
37.05,1345.28,4828.72,156.9,31.89,0.23547259076416743,0.05735725308641975,2.2027380211574363,0.9426427469135803,0.8665520356716113,cityscapes,pelModificato
30.79,1587.4,2601.99,146.95,20.21,0.23600597353107783,0.05723765432098765,2.186251248751249,0.9427623456790123,0.8662093125091228,cityscapes,pelBase
27.44,1525.31,4541.49,141.04,13.64,0.28796665458499454,0.0757908950617284,1.5247453615654452,0.9242091049382716,0.8317984545358315,kitchen,pelModificato
24.35,1700.03,4389.79,122.73,29.67,0.2891701117469716,0.0759548611111111,1.5208595124403117,0.9240451388888888,0.8309767009961169,kitchen,pelBase
15.63,407.94,254.28,23.62,0.0,0.25759416767922233,0.028272311874602347,1.4306188925081433,0.9717276881253977,0.8521617852161785,rose,pelModificato
10.08,499.15,314.12,0.0,15.62,0.2532526475037821,0.028549945051767018,1.455749354005168,0.971450054948233,0.8550147237138404,rose,pelBase
15.41,431.61,482.63,27.97,0.0,0.24905884683970675,0.04384290589392099,1.0645683869474658,0.956157094106079,0.8577571574063596,saint,pelModificato
12.11,495.39,628.58,20.71,11.24,0.24450793025317702,0.044357684076580486,1.0680676107811786,0.9556423159234195,0.8607182940516274,saint,pelBase
7.88,424.33,1109.61,78.56,15.67,0.2075134168157424,0.07172881004656706,2.7613653082242164,0.9282711899534329,0.8842315369261478,worm,pelModificato
15.6,560.89,1389.5,69.99,8.53,0.20252984650369527,0.07268087641919417,2.7399187699448797,0.9273191235808058,0.887325057325848,worm,pelBase
12.13,731.92,1702.39,103.85,15.87,0.19548486403283735,0.07177734375,1.904079285019025,0.92822265625,0.8916690361103213,lena,pelModificato
17.29,899.9,2509.35,100.45,18.48,0.1953836981517758,0.07207489013671875,1.9098727512066695,0.9279251098632812,0.8917311685859921,lena,pelBase
7.56,419.98,403.82,40.69,2.05,0.26166568222090963,0.060240963855421686,1.5791777693186144,0.9397590361445783,0.8494733265375467,apartment,pelModificato
7.1,499.28,458.67,38.66,8.64,0.260575296108291,0.060548192771084336,1.5962662643786536,0.9394518072289156,0.8501945525291829,apartment,pelBase
13.4,420.93,314.71,15.67,8.04,0.35308237861429353,0.034293481404361156,0.8612544121639968,0.9657065185956388,0.7856101762289651,birds,pelModificato
16.53,471.7,384.15,26.44,4.02,0.35045711797997386,0.03451905836080745,0.8747976254722072,0.9654809416391925,0.7875428873053576,birds,pelBase
27.88,1322.18,2639.52,156.07,23.16,0.23888346270498123,0.057121913580246916,2.1909350907734395,0.9428780864197531,0.8643568113488427,cityscapes,pelModificato
17.76,1601.96,3106.75,142.25,21.51,0.23739587338203255,0.057393904320987656,2.1833508306058174,0.9426060956790123,0.8653152629129828,cityscapes,pelBase
31.25,1489.51,3834.07,126.43,47.09,0.28736733623822525,0.07603202160493827,1.523245060949979,0.9239679783950617,0.8322072547612009,kitchen,pelModificato
31.31,1712.96,4210.01,121.37,26.06,0.2881496731317947,0.0760378086419753,1.5244183609306226,0.9239621913580247,0.8316735589501224,kitchen,pelBase
15.92,406.2,244.67,16.48,0.0,0.25692541856925416,0.028237607727456763,1.4286649214659686,0.9717623922725432,0.8526021655606008,rose,pelModificato
10.11,451.81,285.32,15.66,0.0,0.2540115046927036,0.02850367285557291,1.445019404915912,0.9714963271444271,0.8545170799375759,rose,pelBase
11.21,437.79,512.16,31.68,0.0,0.24824170381376923,0.04389496211463936,1.063396575659417,0.9561050378853606,0.8582899796426148,saint,pelModificato
16.25,484.46,726.01,33.93,0.0,0.24451225514322278,0.04439238822372607,1.0656634746922025,0.955607611776274,0.8607154872715039,saint,pelBase
14.69,439.59,1508.75,76.83,0.0,0.19877019877019877,0.0725772501473436,2.7715922444183314,0.9274227498526564,0.8896475071451254,worm,pelModificato
9.69,538.01,1159.19,71.71,9.86,0.20697988485322338,0.07225989468980124,2.745029748947903,0.9277401053101988,0.8845635455482439,worm,pelBase
7.57,782.3,1752.4,86.43,15.62,0.19678714859437751,0.07171630859375,1.9048502517890273,0.92828369140625,0.8908685968819599,lena,pelModificato
16.02,910.57,1489.43,89.68,16.98,0.19718909710391824,0.07190704345703125,1.912226805933468,0.9280929565429688,0.8906213087644697,lena,pelBase
4.13,465.82,462.71,21.35,0.0,0.26201905324569824,0.060198795180722894,1.577985145686536,0.9398012048192771,0.8492393983173281,apartment,pelModificato
7.36,496.0,647.98,23.48,7.65,0.26268129279246116,0.060331325301204816,1.5853013413942945,0.9396686746987952,0.8488007458259175,apartment,pelBase
7.92,442.27,311.19,14.1,5.22,0.34736036725325176,0.034536410434380244,0.8680119989091901,0.9654635895656197,0.7898148148148147,birds,pelModificato
10.28,495.17,331.4,16.95,7.54,0.34695652173913044,0.034750419341778006,0.8819257665411512,0.965249580658222,0.7901104681746449,birds,pelBase
27.97,1440.0,2714.49,157.59,12.51,0.23858873145267054,0.057116126543209876,2.188982259570495,0.9428838734567901,0.8645468348516702,cityscapes,pelModificato
23.89,1617.65,2521.02,133.74,23.13,0.24048394125035244,0.057158564814814815,2.1854116484466677,0.9428414351851852,0.86332381562846,cityscapes,pelBase
17.27,1450.09,3058.68,140.6,25.08,0.28707320601851855,0.07604552469135803,1.5236152584430331,0.9239544753086419,0.8324077788804662,kitchen,pelModificato
16.08,1697.36,4322.07,112.29,33.74,0.28757650712260996,0.07611689814814815,1.5259762024467907,0.9238831018518519,0.8320646099993674,kitchen,pelBase
0.0,420.24,254.5,9.66,7.04,0.2548215641609719,0.028382208340563365,1.4268967762943667,0.9716177916594366,0.8539853811347025,rose,pelModificato
8.62,459.81,258.39,13.53,0.0,0.25548660511578625,0.028451616634854533,1.4510184287099903,0.9715483833651455,0.8535484990456359,rose,pelBase
5.49,438.05,488.2,23.7,8.5,0.24502327423987322,0.04409161894846434,1.0691489361702127,0.9559083810515356,0.8603837471783295,saint,pelModificato
13.45,497.3,600.63,23.17,0.0,0.24763406940063087,0.04414367516918272,1.0617707618393961,0.9558563248308173,0.8586858685868587,saint,pelBase
5.49,458.72,953.3,78.51,16.38,0.20313282311708747,0.07215626841795066,2.7671615463765984,0.9278437315820494,0.8869516758219886,worm,pelModificato
15.65,551.44,1240.03,52.64,14.51,0.2041308822485627,0.07262258664127823,2.749385038344668,0.9273774133587218,0.886333096197929,worm,pelBase
19.07,821.93,1790.53,94.64,15.64,0.19674372890047434,0.07170486450195312,1.9037475693830652,0.9282951354980469,0.8908953030949334,lena,pelModificato
8.37,965.46,1869.58,76.69,17.09,0.19839713530565264,0.0717315673828125,1.9072201213613578,0.9282684326171875,0.8898774312621267,lena,pelBase
17.45,437.9,468.05,31.39,0.0,0.2629752676264305,0.06013855421686747,1.5842055185537582,0.9398614457831326,0.8486059163549813,apartment,pelModificato
12.84,482.71,492.33,15.61,0.0,0.26174002649786543,0.06042168674698795,1.596487915407855,0.939578313253012,0.8494241192411924,apartment,pelBase
11.8,421.25,322.61,15.62,0.0,0.350398428119201,0.03442072994389496,0.867627072574069,0.965579270056105,0.7875860243515087,birds,pelModificato
6.63,477.59,323.03,13.67,2.51,0.3512396694214876,0.03450749031175892,0.8742595584275713,0.9654925096882411,0.786967418546366,birds,pelBase
37.99,1390.43,3006.09,158.11,26.37,0.235687292732461,0.05735146604938272,2.1926354419356846,0.9426485339506173,0.8664141046189713,cityscapes,pelModificato
32.96,1596.97,2465.69,129.17,34.17,0.24123616236162362,0.057118055555555554,2.1738674237748428,0.9428819444444444,0.8628376606346708,cityscapes,pelBase
15.65,1596.11,4823.42,149.03,29.3,0.28758973617113615,0.07599729938271604,1.5235051719788075,0.924002700617284,0.8320555872352109,kitchen,pelModificato
31.38,1796.77,3740.92,110.61,31.6,0.2867566054432825,0.07618248456790123,1.524652020794902,0.9238175154320988,0.832623545285883,kitchen,pelBase
5.01,443.43,261.97,10.95,6.22,0.25710378361951075,0.028278095899126613,1.4290837952396478,0.9717219041008733,0.8524847428073234,rose,pelModificato
10.35,538.23,334.26,10.44,6.01,0.256922378574671,0.02840534443866042,1.4468497576736672,0.9715946555613396,0.8526041666666666,rose,pelBase
16.59,444.17,555.8,38.47,8.16,0.24896019013666076,0.043866041992018046,1.064277456647399,0.956133958007982,0.8578215134034611,saint,pelModificato
15.64,527.03,631.13,24.91,8.52,0.24701823558403155,0.04418416334085257,1.0649588289112535,0.9558158366591475,0.8590868196131354,saint,pelBase
8.98,445.87,1732.38,82.63,5.54,0.20052921404562685,0.07240238081359576,2.7681116825863334,0.9275976191864043,0.8885621174787378,worm,pelModificato
9.77,572.77,1118.36,69.22,8.62,0.20255500354861605,0.07277154940706343,2.757957175925926,0.9272284505929366,0.8873094843244097,worm,pelBase
13.97,786.8,2742.7,96.76,12.84,0.1975909789851358,0.07166290283203125,1.9052538631346578,0.9283370971679688,0.890373951372103,lena,pelModificato
13.82,918.02,2555.24,90.4,20.64,0.1952985265309599,0.07208251953125,1.910662571303203,0.92791748046875,0.8917834725565151,lena,pelBase
9.86,450.86,444.6,23.43,10.68,0.2620699837590432,0.06021686746987952,1.5736301369863013,0.9397831325301205,0.8492056749638943,apartment,pelModificato
9.16,503.65,572.72,20.04,6.1,0.2616629874908021,0.06044578313253012,1.5939622641509434,0.9395542168674699,0.8494751100575686,apartment,pelBase
10.48,434.22,338.47,16.3,11.0,0.35290266259275427,0.034299265428885416,0.860673546985334,0.9657007345711146,0.7857426792102822,birds,pelModificato
11.51,500.03,336.58,16.27,8.01,0.3510603588907015,0.034513274336283185,0.8723404255319149,0.9654867256637168,0.7870993272655322,birds,pelBase
27.29,1425.65,3634.29,153.68,24.33,0.23724542275252006,0.05721836419753087,2.195941740321175,0.9427816358024691,0.8654121079504011,cityscapes,pelModificato
38.6,1600.52,2589.03,142.29,18.63,0.24049237081677138,0.057131558641975305,2.177765411488283,0.9428684413580247,0.8633183699644377,cityscapes,pelBase
39.92,1442.5,3525.45,142.42,31.27,0.2875268856073888,0.07603973765432098,1.5235635080645162,0.923960262345679,0.8320984527051274,kitchen,pelModificato
31.32,1685.58,3846.77,109.35,38.56,0.288427171146452,0.07603973765432098,1.5239551051176816,0.923960262345679,0.8314841376982788,kitchen,pelBase
14.03,421.73,277.13,21.72,3.68,0.2586338049596836,0.028185551506738387,1.4295521412226218,0.9718144484932616,0.8514764983400315,rose,pelModificato
4.48,476.17,270.95,15.02,0.0,0.2560459492140266,0.028468968708427324,1.4416505480335267,0.9715310312915727,0.8531807938984226,rose,pelBase
2.79,479.37,533.52,34.95,2.52,0.24262230144583086,0.04423621956157094,1.07121387283237,0.955763780438429,0.8619407190352756,saint,pelModificato
7.84,501.68,534.66,15.64,15.62,0.2417192429022082,0.044490716640638556,1.071150766415008,0.9555092833593615,0.8625252298721686,saint,pelBase
18.42,440.61,1035.33,72.33,8.5,0.20556348074179745,0.07213683849197867,2.7585501315404852,0.9278631615080213,0.8854439939581843,worm,pelModificato
9.59,540.53,1393.9,71.88,9.65,0.20345489443378117,0.07257077350535295,2.7436492959790972,0.9274292264946471,0.8867521367521367,worm,pelBase
14.59,783.35,1748.33,89.26,10.65,0.19599470515393486,0.07182693481445312,1.905312389692905,0.9281730651855469,0.8913558038250331,lena,pelModificato
14.92,925.6,1755.87,88.74,7.04,0.1965091528309919,0.07199859619140625,1.9094975006577217,0.9280014038085938,0.8910395618921726,lena,pelBase
9.64,450.68,444.57,28.14,4.89,0.26063201417601894,0.06032530120481928,1.5778454510848876,0.9396746987951807,0.8501570591731047,apartment,pelModificato
12.85,494.97,406.55,19.58,0.0,0.2624061257546753,0.060349397590361446,1.5893801965230536,0.9396506024096386,0.8489830508474576,apartment,pelBase
10.27,416.52,312.4,14.67,8.6,0.34817725387469983,0.0345421944589045,0.8676630434782608,0.9654578055410955,0.789216334082199,birds,pelModificato
15.68,485.1,377.89,15.3,8.99,0.3503966960113031,0.03457111458152583,0.8763108362463028,0.9654288854184742,0.7875872974041376,birds,pelBase
26.78,1373.0,3033.95,174.7,29.22,0.23636176667180836,0.05729938271604938,2.1942025379447623,0.9427006172839506,0.8659805836564531,cityscapes,pelModificato
31.48,1590.09,4128.8,141.08,25.44,0.23967175278881908,0.057193287037037036,2.178383725963025,0.9428067129629629,0.8638482605908746,cityscapes,pelBase
17.37,1472.35,5480.36,126.31,32.26,0.2875585368940641,0.07600887345679012,1.5240036993442072,0.9239911265432099,0.8320768662232076,kitchen,pelModificato
24.5,1744.96,4260.5,124.47,21.76,0.28682870453970893,0.07618441358024691,1.5267613898319292,0.923815586419753,0.8325744160553166,kitchen,pelBase
9.51,434.64,278.5,14.84,0.0,0.2609225148424417,0.028081439065301635,1.4252045826513913,0.9719185609346984,0.8499649859943977,rose,pelModificato
4.92,469.33,251.95,15.86,6.26,0.25609202361132133,0.028428480536757474,1.4539282250242482,0.9715715194632425,0.8531504947057802,rose,pelBase
10.5,459.3,559.54,27.23,18.9,0.24965325936199723,0.0438082017467754,1.06317981948623,0.9561917982532246,0.8573692551505547,saint,pelModificato
3.94,533.37,476.11,31.29,0.0,0.24686233817570907,0.044080050899415815,1.062586286240221,0.9559199491005842,0.8591882750845546,saint,pelBase
9.5,440.0,1110.29,81.46,8.75,0.1977974828375286,0.07265496985123153,2.7779900088157508,0.9273450301487685,0.8902468058090628,worm,pelModificato
8.92,539.98,1015.45,77.03,8.93,0.20174753143425445,0.07277802604905409,2.750688505580519,0.927221973950946,0.887809117484396,worm,pelBase
15.09,786.86,1637.2,97.23,15.45,0.1978952772073922,0.07152557373046875,1.901674196120117,0.9284744262695312,0.8901865831078194,lena,pelModificato
14.01,887.67,1740.43,87.29,16.43,0.1970955240407138,0.07191848754882812,1.9153063015622258,0.9280815124511719,0.8906788869466622,lena,pelBase
0.0,449.41,473.51,37.45,3.09,0.2626993502658003,0.060156626506024095,1.5768937952036544,0.939843373493976,0.848788780280493,apartment,pelModificato
0.0,492.48,453.16,21.28,0.0,0.26253404991533535,0.0603433734939759,1.596070281503873,0.9396566265060241,0.8488983050847457,apartment,pelBase
16.3,422.12,321.03,8.24,14.03,0.3506550218340611,0.03440337787032217,0.8635127786840674,0.9655966221296778,0.7873974053481599,birds,pelModificato
12.0,469.94,335.33,17.21,0.0,0.3494342906875544,0.03458846665509862,0.879245283018868,0.9654115333449014,0.7882942262061693,birds,pelBase
33.52,1385.62,2867.83,157.44,23.47,0.237229748836731,0.057235725308641974,2.200970330285501,0.942764274691358,0.8654221962957562,cityscapes,pelModificato
31.31,1598.57,2437.22,147.65,22.2,0.23671249743484504,0.05739969135802469,2.181475064967207,0.9426003086419753,0.8657550189118417,cityscapes,pelBase
25.14,1483.99,5182.02,132.85,31.66,0.2874611099052167,0.07598765432098765,1.5235009467704608,0.9240123456790124,0.8321433098145253,kitchen,pelModificato
31.06,1743.58,4285.92,126.8,19.19,0.2877009210763952,0.07608024691358024,1.525135214456417,0.9239197530864197,0.8319797489716274,kitchen,pelBase
14.01,426.77,214.64,16.48,0.0,0.2602365787079163,0.028214471629359708,1.4337662337662338,0.9717855283706403,0.850418410041841,rose,pelModificato
10.92,465.78,279.71,13.01,13.3,0.258973194002726,0.028301231997223668,1.4528973777921657,0.9716987680027763,0.8512526096033403,rose,pelBase
4.45,437.76,504.26,34.43,0.0,0.24638255698711595,0.04398172248250332,1.0613852212184387,0.9560182775174967,0.8595003956143326,saint,pelModificato
5.3,487.48,594.51,31.76,0.0,0.24940991345397326,0.04414367516918272,1.0614334470989761,0.9558563248308173,0.8575280898876405,saint,pelBase
17.16,448.89,1341.11,63.83,14.03,0.1986840223144042,0.07256429686336228,2.747795414462081,0.9274357031366377,0.8897006273326451,worm,pelModificato
9.49,546.15,1027.3,53.89,15.67,0.20260368499679873,0.07259668007331559,2.7315016717546157,0.9274033199266845,0.8872793477400459,worm,pelBase
15.23,728.89,2021.68,94.95,16.02,0.1978717039189709,0.07159805297851562,1.9030233380480905,0.9284019470214844,0.8902011003604628,lena,pelModificato
15.66,891.44,1898.09,100.86,18.2,0.19616695059625214,0.07199859619140625,1.911085754410603,0.9280014038085938,0.8912499409736979,lena,pelBase
7.02,470.81,430.62,26.11,1.06,0.2624040165386887,0.060180722891566264,1.574800152264941,0.9398192771084337,0.8489844480326336,apartment,pelModificato
16.11,482.5,472.24,29.11,0.0,0.26317338828377984,0.06031325301204819,1.5932427331068328,0.9396867469879518,0.8484745762711865,apartment,pelBase
11.43,422.23,299.43,16.06,5.25,0.3499453551912568,0.03440337787032217,0.8650490730643402,0.9655966221296778,0.7879189296595576,birds,pelModificato
14.24,468.97,314.66,12.91,0.0,0.35254458460200083,0.03443808201746775,0.8723747980613893,0.9655619179825322,0.786006600660066,birds,pelBase
35.24,1393.78,2919.7,142.66,31.61,0.23670951156812342,0.057276234567901235,2.1989053364846374,0.9427237654320988,0.8657569395847913,cityscapes,pelModificato
15.03,1535.38,2899.62,130.08,28.95,0.24048394125035244,0.057158564814814815,2.1793589030943115,0.9428414351851852,0.86332381562846,cityscapes,pelBase
35.56,1453.71,3403.15,111.7,42.65,0.28743467804639894,0.07601658950617284,1.5237975109317188,0.9239834104938272,0.832161334600359,kitchen,pelModificato
28.63,1674.76,2983.41,126.42,15.62,0.2878035569197436,0.07608989197530865,1.5235900444146484,0.9239101080246913,0.8319097332067911,kitchen,pelBase
0.0,407.97,260.55,15.67,0.0,0.2553967771359076,0.02833015211984499,1.428851174934726,0.971669847880155,0.853607528755664,rose,pelModificato
16.62,459.89,285.46,16.57,0.0,0.257173219978746,0.028301231997223668,1.447120078099577,0.9716987680027763,0.8524390243902439,rose,pelBase
9.44,489.4,554.9,45.33,11.13,0.24610808130887457,0.043975938457979064,1.0670222634508348,0.9560240615420209,0.8596788783355948,saint,pelModificato
14.73,515.13,469.96,31.73,0.0,0.24765848368332835,0.04413789114465845,1.0643020594965675,0.9558621088553415,0.8586699673680658,saint,pelBase
13.22,443.74,1236.86,78.63,0.0,0.19911251073575725,0.07247362387549304,2.772887842213718,0.927526376124507,0.8894364517923854,worm,pelModificato
0.0,563.23,844.72,79.05,0.0,0.2026250443419652,0.07279097933303541,2.740060719965303,0.9272090206669646,0.887266124575669,worm,pelBase
22.89,796.35,1930.41,78.09,22.16,0.19630800786257585,0.071746826171875,1.9048166151126822,0.928253173828125,0.8911632314617389,lena,pelModificato
8.87,887.36,1821.86,79.13,9.54,0.19674644408483094,0.07195281982421875,1.9111013602457219,0.9280471801757812,0.8908936331003212,lena,pelBase
19.3,423.92,377.48,15.62,0.0,0.25963099630996306,0.06043373493975904,1.5819391634980988,0.939566265060241,0.8508184208294463,apartment,pelModificato
8.09,517.87,439.23,15.62,15.63,0.2647729781440871,0.06018674698795181,1.5859596150217021,0.9398132530120482,0.8474130619168787,apartment,pelBase
7.04,425.38,272.8,18.32,8.31,0.3544938917975567,0.03422985713459425,0.8616386326641345,0.9657701428654057,0.7845684740819303,birds,pelModificato
15.98,482.5,306.65,15.62,16.57,0.3534407665505227,0.03434553762507953,0.8716909778498109,0.9656544623749205,0.7853458537230525,birds,pelBase
31.26,1390.62,4056.35,147.48,15.53,0.23608361401794667,0.057312885802469134,2.192645137203659,0.9426871141975308,0.8661594076147163,cityscapes,pelModificato
21.82,1542.03,2701.59,125.51,15.62,0.2374993589414842,0.05736111111111111,2.1886745796241347,0.9426388888888889,0.8652486396834173,cityscapes,pelBase
15.74,1480.62,4503.38,129.46,32.62,0.2875954129436024,0.07597608024691357,1.5230361425505954,0.9240239197530864,0.8320517153963157,kitchen,pelModificato
16.28,1714.49,3164.15,121.44,20.21,0.2895943944811645,0.07588348765432099,1.51959756864389,0.924116512345679,0.8306867134048483,kitchen,pelBase
5.54,406.75,233.45,15.62,0.0,0.25718194254445964,0.028266527850078084,1.4257748776508972,0.9717334721499219,0.8524332810047096,rose,pelModificato
8.23,471.89,293.36,0.0,15.67,0.25647236941710827,0.02840534443866042,1.4519572953736655,0.9715946555613396,0.8529003126085446,rose,pelBase
3.29,433.53,540.5,19.38,12.9,0.24373328049142973,0.04414945919370698,1.06875,0.9558505408062931,0.8612208055962992,saint,pelModificato
8.33,493.49,478.92,26.83,10.56,0.2447932089625901,0.044253571635143735,1.064708581918311,0.9557464283648562,0.8605331233831965,saint,pelBase
7.17,458.33,973.07,76.07,0.0,0.19875687647353008,0.07263553992525955,2.778559906144596,0.9273644600747405,0.8896557194986514,worm,pelModificato
9.54,538.25,1577.61,63.88,5.44,0.19907637655417407,0.07301118516071788,2.751196172248804,0.9269888148392821,0.8894587344169165,worm,pelBase
5.54,751.69,2552.79,98.25,14.71,0.1957366824725533,0.07181930541992188,1.9085850556438793,0.9281806945800781,0.8915143479496165,lena,pelModificato
8.52,905.45,2130.72,91.08,20.78,0.19760555579225428,0.07184219360351562,1.9077652846099789,0.9281578063964844,0.8903649773071104,lena,pelBase
7.04,428.33,420.29,31.04,0.0,0.2608503100088574,0.06032530120481928,1.5783567896538608,0.9396746987951807,0.8500127323656735,apartment,pelModificato
13.14,490.21,397.22,16.1,0.0,0.26031231585150266,0.06049397590361446,1.588914112750662,0.9395060240963855,0.85036836311288,apartment,pelBase
7.15,424.77,319.58,16.08,0.0,0.3492201984949286,0.034513274336283185,0.8679142934635204,0.9654867256637168,0.7884513742071881,birds,pelModificato
13.49,481.81,314.99,14.04,0.0,0.352454555349951,0.034409161894846434,0.8720647773279352,0.9655908381051536,0.7860729386892178,birds,pelBase
24.48,1386.73,3036.04,156.37,15.73,0.23840378484006994,0.057137345679012345,2.1827006845052894,0.9428626543209877,0.8646660439047175,cityscapes,pelModificato
16.08,1580.87,2747.95,135.25,15.62,0.24119623483546643,0.05706983024691358,2.169914022391291,0.9429301697530864,0.8628634759529851,cityscapes,pelBase
15.28,1483.59,2947.16,125.5,31.25,0.28816869823127284,0.07592592592592592,1.522018927444795,0.924074074074074,0.8316605743021954,kitchen,pelModificato
31.45,1747.23,4364.15,125.51,31.29,0.2879526336690856,0.07609182098765432,1.5256082750533941,0.9239081790123457,0.8318080215933533,kitchen,pelBase
8.84,399.89,247.44,16.38,7.85,0.2582116788321168,0.028214471629359708,1.4239059438275636,0.9717855283706403,0.8517548454688318,rose,pelModificato
14.78,448.72,313.63,15.63,0.0,0.2568058076225045,0.02842269651223321,1.4528728211749515,0.9715773034877668,0.8526808953669963,rose,pelBase
15.63,416.19,546.45,47.57,8.83,0.24408591507473026,0.044172595291804034,1.0685912240184758,0.9558274047081959,0.8609921082299887,saint,pelModificato
9.54,507.3,509.51,31.25,0.0,0.24231678486997638,0.044490716640638556,1.0657684402831697,0.9555092833593615,0.8621385339609953,saint,pelBase
19.77,435.76,1128.31,62.55,15.62,0.20407871198568872,0.07203968886211877,2.7584228336030603,0.9279603111378812,0.8863654474460116,worm,pelModificato
6.04,543.67,933.16,63.13,15.42,0.19970214878377418,0.0730889048646058,2.7469305214502384,0.9269110951353942,0.889072717245726,worm,pelBase
20.46,784.0,1655.04,95.71,23.92,0.19817125277730305,0.07158660888671875,1.90545197490501,0.9284133911132812,0.8900165994783021,lena,pelModificato
15.63,895.27,1958.63,87.55,15.99,0.19718189945085354,0.07194137573242188,1.9137144861452122,0.9280586242675781,0.8906257378984652,lena,pelBase
15.82,420.39,422.91,31.71,0.0,0.26351550960118164,0.060072289156626504,1.5723809523809524,0.9399277108433735,0.8482477033004423,apartment,pelModificato
8.82,490.12,395.47,31.25,0.0,0.26156793398172706,0.060373493975903615,1.5904960242332449,0.9396265060240964,0.8495380181402051,apartment,pelBase
11.01,412.17,261.38,15.63,16.09,0.354916067146283,0.03422985713459425,0.8610509209100758,0.9657701428654057,0.7842565597667639,birds,pelModificato
8.04,476.79,332.79,16.09,0.0,0.3487235198261814,0.03467522702296258,0.8772495299489659,0.9653247729770374,0.7888157894736842,birds,pelBase
19.89,1410.86,4706.29,163.42,20.9,0.23590534979423872,0.0573070987654321,2.191991530701208,0.942692901234568,0.8662739837872514,cityscapes,pelModificato
31.25,1596.86,3030.94,126.27,16.08,0.24055405925355908,0.05711226851851852,2.17849409144342,0.9428877314814815,0.8632785164450665,cityscapes,pelBase
31.49,1508.24,4596.6,139.91,34.18,0.2878585120619191,0.07596450617283951,1.5238235417805628,0.9240354938271605,0.8318722406472465,kitchen,pelModificato
31.04,1723.84,4274.44,131.08,26.64,0.2884021595854174,0.07602044753086419,1.5233006453775877,0.9239795524691358,0.8315012132081443,kitchen,pelBase
0.0,422.83,281.91,5.54,8.05,0.2549049429657795,0.02833593614436925,1.4279647174126102,0.9716640638556308,0.8539306257625937,rose,pelModificato
12.94,460.85,277.98,24.9,4.51,0.2568751888788154,0.028445832610330266,1.450708762886598,0.9715541673896697,0.852635228848821,rose,pelBase
7.36,429.81,403.03,31.58,0.0,0.2476982476982477,0.043952802359882005,1.0658502772643252,0.956047197640118,0.8586440677966102,saint,pelModificato
10.46,497.56,688.55,26.1,11.45,0.24603565448635867,0.044276707733240786,1.0657534246575342,0.9557232922667592,0.8597259658580414,saint,pelBase
12.01,432.25,1189.89,78.63,0.0,0.20618999856713,0.07176119325652036,2.7525073746312683,0.9282388067434797,0.8850547168304178,worm,pelModificato
0.0,539.31,1393.29,70.88,8.95,0.20396802740508138,0.07224046476382925,2.7396839332748026,0.9277595352361707,0.8864340777239132,worm,pelBase
